{"version": "1", "message": "ERROR: Hidden Testcases server unreachable.", "problem_id": "ads2_m4_a1_1", "user_id": "Siddhartha Dukkipati", "score": {"sample": {"0": {"execution_time": 0.3722352981567383, "passed": true}, "1": {"execution_time": 0.34625959396362305, "passed": false}, "2": {"execution_time": 0.33938121795654297, "passed": false}, "3": {"execution_time": 0.33492588996887207, "passed": false}, "4": {"execution_time": 0.286639928817749, "passed": false}, "5": {"execution_time": 0.2902796268463135, "passed": false}, "6": {"execution_time": 0.3595876693725586, "passed": false}, "7": {"execution_time": 0.29525232315063477, "passed": false}, "8": {"execution_time": 0.36467790603637695, "passed": true}, "9": {"execution_time": 0.4411196708679199, "passed": false}, "10": {"execution_time": 0.3682098388671875, "passed": false}, "11": {"execution_time": 0.2574331760406494, "passed": false}, "12": {"execution_time": 0.3304760456085205, "passed": false}, "13": {"execution_time": 0.2943451404571533, "passed": false}, "14": {"execution_time": 0.31911444664001465, "passed": true}}}, "check_style_score": "0/1"}