{"version": "1", "message": "ERROR: Hidden Testcases server unreachable.", "problem_id": "ads2_m4_a1_1", "user_id": "Siddhartha Dukkipati", "score": {"sample": {"0": {"execution_time": 0.16297435760498047, "passed": true}, "1": {"execution_time": 0.15261578559875488, "passed": true}, "2": {"execution_time": 0.16349124908447266, "passed": true}, "3": {"execution_time": 0.18272972106933594, "passed": true}, "4": {"execution_time": 0.15240812301635742, "passed": true}, "5": {"execution_time": 0.15912175178527832, "passed": true}, "6": {"execution_time": 0.16339731216430664, "passed": true}, "7": {"execution_time": 0.1509571075439453, "passed": true}, "8": {"execution_time": 0.16817092895507812, "passed": true}, "9": {"execution_time": 0.13636302947998047, "passed": true}, "10": {"execution_time": 0.1343231201171875, "passed": true}, "11": {"execution_time": 0.13681459426879883, "passed": true}, "12": {"execution_time": 0.13219332695007324, "passed": true}, "13": {"execution_time": 0.6229612827301025, "passed": true}, "14": {"execution_time": 0.13266372680664062, "passed": true}}}, "check_style_score": "0/1"}