{"version": "1", "message": "ERROR: Hidden Testcases server unreachable.", "problem_id": "ads2_m4_a1_1", "user_id": "Siddhartha Dukkipati", "score": {"sample": {"0": {"execution_time": 0.5104413032531738, "passed": false}, "1": {"execution_time": 0.3278810977935791, "passed": false}, "2": {"execution_time": 0.35246872901916504, "passed": false}, "3": {"execution_time": 0.31909632682800293, "passed": false}, "4": {"execution_time": 0.2728586196899414, "passed": false}, "5": {"execution_time": 0.31923961639404297, "passed": false}, "6": {"execution_time": 0.3734097480773926, "passed": false}, "7": {"execution_time": 0.3215057849884033, "passed": false}, "8": {"execution_time": 0.4118320941925049, "passed": false}, "9": {"execution_time": 0.39544177055358887, "passed": false}, "10": {"execution_time": 0.37912535667419434, "passed": false}, "11": {"execution_time": 0.3228440284729004, "passed": false}, "12": {"execution_time": 0.28901076316833496, "passed": false}, "13": {"execution_time": 0.35675668716430664, "passed": false}, "14": {"execution_time": 0.4737823009490967, "passed": false}}}, "check_style_score": "0/1"}