{"version": "1", "message": "ERROR: Hidden Testcases server unreachable.", "problem_id": "ads2_m4_a1_1", "user_id": "Siddhartha Dukkipati", "score": {"sample": {"0": {"execution_time": 0.42694640159606934, "passed": true}, "1": {"execution_time": 0.40923643112182617, "passed": true}, "2": {"execution_time": 0.3699674606323242, "passed": true}, "3": {"execution_time": 0.4323098659515381, "passed": true}, "4": {"execution_time": 0.34806370735168457, "passed": true}, "5": {"execution_time": 0.39115476608276367, "passed": true}, "6": {"execution_time": 0.37164878845214844, "passed": true}, "7": {"execution_time": 0.381711483001709, "passed": true}, "8": {"execution_time": 0.3776085376739502, "passed": true}, "9": {"execution_time": 0.3097684383392334, "passed": true}, "10": {"execution_time": 0.323854923248291, "passed": true}, "11": {"execution_time": 0.3028697967529297, "passed": true}, "12": {"execution_time": 0.301499605178833, "passed": true}, "13": {"execution_time": 1.3220546245574951, "passed": true}, "14": {"execution_time": 0.3310573101043701, "passed": true}}}, "check_style_score": "1/1"}