{"version": "1", "message": "ERROR: Hidden Testcases server unreachable.", "problem_id": "ads2_m4_a1_1", "user_id": "Siddhartha Dukkipati", "score": {"sample": {"0": {"execution_time": 0.18050599098205566, "passed": true}, "1": {"execution_time": 0.1518404483795166, "passed": true}, "2": {"execution_time": 0.1674032211303711, "passed": true}, "3": {"execution_time": 0.1795036792755127, "passed": true}, "4": {"execution_time": 0.14436602592468262, "passed": true}, "5": {"execution_time": 0.14841938018798828, "passed": true}, "6": {"execution_time": 0.14715862274169922, "passed": true}, "7": {"execution_time": 0.14542746543884277, "passed": true}, "8": {"execution_time": 0.15873479843139648, "passed": true}, "9": {"execution_time": 0.13438105583190918, "passed": true}, "10": {"execution_time": 0.13222408294677734, "passed": true}, "11": {"execution_time": 0.13381338119506836, "passed": true}, "12": {"execution_time": 0.13289642333984375, "passed": true}, "13": {"execution_time": 0.5886693000793457, "passed": true}, "14": {"execution_time": 0.1326158046722412, "passed": true}}}, "check_style_score": "0/1"}