{"version": "1", "message": "ERROR: Hidden Testcases server unreachable.", "problem_id": "ads2_m4_a1_1", "user_id": "Siddhartha Dukkipati", "score": {"sample": {"0": {"execution_time": 0.38387584686279297, "passed": false}, "1": {"execution_time": 0.3221926689147949, "passed": false}, "2": {"execution_time": 0.3237917423248291, "passed": false}, "3": {"execution_time": 0.35871338844299316, "passed": false}, "4": {"execution_time": 0.348142147064209, "passed": false}, "5": {"execution_time": 0.3918163776397705, "passed": false}, "6": {"execution_time": 0.3274223804473877, "passed": false}, "7": {"execution_time": 0.30672717094421387, "passed": false}, "8": {"execution_time": 0.3887467384338379, "passed": false}, "9": {"execution_time": 0.43361973762512207, "passed": false}, "10": {"execution_time": 0.37801194190979004, "passed": false}, "11": {"execution_time": 0.3171820640563965, "passed": false}, "12": {"execution_time": 0.33556628227233887, "passed": false}, "13": {"execution_time": 0.3364894390106201, "passed": false}, "14": {"execution_time": 0.35951876640319824, "passed": false}}}, "check_style_score": "0/1"}