{"version": "1", "message": "ERROR: Hidden Testcases server unreachable.", "problem_id": "ads2_m4_a1_1", "user_id": "Siddhartha Dukkipati", "score": {"sample": {"0": {"execution_time": 0.22892117500305176, "passed": true}, "1": {"execution_time": 0.15040349960327148, "passed": false}, "2": {"execution_time": 0.11854314804077148, "passed": false}, "3": {"execution_time": 0.11764216423034668, "passed": false}, "4": {"execution_time": 0.13430094718933105, "passed": false}, "5": {"execution_time": 0.1180417537689209, "passed": false}, "6": {"execution_time": 0.11807441711425781, "passed": false}, "7": {"execution_time": 0.12013792991638184, "passed": false}, "8": {"execution_time": 0.16193604469299316, "passed": true}, "9": {"execution_time": 0.13407230377197266, "passed": false}, "10": {"execution_time": 0.13437843322753906, "passed": false}, "11": {"execution_time": 0.11893057823181152, "passed": false}, "12": {"execution_time": 0.11901545524597168, "passed": false}, "13": {"execution_time": 0.13134980201721191, "passed": false}, "14": {"execution_time": 0.13849258422851562, "passed": true}}}, "check_style_score": "0/1"}