{"version": "1", "message": "ERROR: Hidden Testcases server unreachable.", "problem_id": "ads2_m4_a1_1", "user_id": "Siddhartha Dukkipati", "score": {"sample": {"0": {"execution_time": 0.5101137161254883, "passed": true}, "1": {"execution_time": 0.4073789119720459, "passed": true}, "2": {"execution_time": 0.4236752986907959, "passed": true}, "3": {"execution_time": 0.43128037452697754, "passed": true}, "4": {"execution_time": 0.36046409606933594, "passed": true}, "5": {"execution_time": 0.37529683113098145, "passed": true}, "6": {"execution_time": 0.3717041015625, "passed": true}, "7": {"execution_time": 0.41098785400390625, "passed": true}, "8": {"execution_time": 0.40050172805786133, "passed": true}, "9": {"execution_time": 0.3747119903564453, "passed": true}, "10": {"execution_time": 0.31598329544067383, "passed": true}, "11": {"execution_time": 0.3343517780303955, "passed": true}, "12": {"execution_time": 0.3412210941314697, "passed": true}, "13": {"execution_time": 1.4853179454803467, "passed": true}, "14": {"execution_time": 0.3819544315338135, "passed": true}}}, "check_style_score": "1/1"}