{"version": "1", "message": "ERROR: Hidden Testcases server unreachable.", "problem_id": "ads2_m4_a1_1", "user_id": "Siddhartha Dukkipati", "score": {"sample": {"0": {"execution_time": 0.3735995292663574, "passed": true}, "1": {"execution_time": 0.41155123710632324, "passed": true}, "2": {"execution_time": 0.4464576244354248, "passed": true}, "3": {"execution_time": 0.42961549758911133, "passed": true}, "4": {"execution_time": 0.3556976318359375, "passed": true}, "5": {"execution_time": 0.3798239231109619, "passed": true}, "6": {"execution_time": 0.3745558261871338, "passed": true}, "7": {"execution_time": 0.38233399391174316, "passed": true}, "8": {"execution_time": 0.3816506862640381, "passed": true}, "9": {"execution_time": 0.32738423347473145, "passed": true}, "10": {"execution_time": 0.3359503746032715, "passed": true}, "11": {"execution_time": 0.36160802841186523, "passed": true}, "12": {"execution_time": 0.3590660095214844, "passed": true}, "13": {"execution_time": 1.2841770648956299, "passed": true}, "14": {"execution_time": 0.3551506996154785, "passed": true}}}, "check_style_score": "1/1"}