{"version": "1", "message": "ERROR: Hidden Testcases server unreachable.", "problem_id": "ads2_m4_a1_1", "user_id": "Siddhartha Dukkipati", "score": {"sample": {"0": {"execution_time": 0.4848289489746094, "passed": true}, "1": {"execution_time": 0.2967228889465332, "passed": false}, "2": {"execution_time": 0.30814361572265625, "passed": false}, "3": {"execution_time": 0.32962536811828613, "passed": false}, "4": {"execution_time": 0.36315441131591797, "passed": false}, "5": {"execution_time": 0.33139514923095703, "passed": false}, "6": {"execution_time": 0.34790730476379395, "passed": false}, "7": {"execution_time": 0.2930757999420166, "passed": false}, "8": {"execution_time": 0.4552884101867676, "passed": true}, "9": {"execution_time": 0.38620448112487793, "passed": false}, "10": {"execution_time": 0.4141206741333008, "passed": false}, "11": {"execution_time": 0.3648550510406494, "passed": false}, "12": {"execution_time": 0.30753421783447266, "passed": false}, "13": {"execution_time": 0.3158426284790039, "passed": false}, "14": {"execution_time": 0.4025087356567383, "passed": false}}}, "check_style_score": "0/1"}