{"version": "1", "message": "ERROR: Hidden Testcases server unreachable.", "problem_id": "ads2_m4_a1_1", "user_id": "Siddhartha Dukkipati", "score": {"sample": {"0": {"execution_time": 0.4787888526916504, "passed": false}, "1": {"execution_time": 0.3095870018005371, "passed": false}, "2": {"execution_time": 0.3221137523651123, "passed": false}, "3": {"execution_time": 0.37758636474609375, "passed": false}, "4": {"execution_time": 0.33572864532470703, "passed": false}, "5": {"execution_time": 0.3455924987792969, "passed": false}, "6": {"execution_time": 0.33283138275146484, "passed": false}, "7": {"execution_time": 0.3129088878631592, "passed": false}, "8": {"execution_time": 0.5089380741119385, "passed": false}, "9": {"execution_time": 0.4064345359802246, "passed": false}, "10": {"execution_time": 0.39676666259765625, "passed": false}, "11": {"execution_time": 0.3092465400695801, "passed": false}, "12": {"execution_time": 0.29876279830932617, "passed": false}, "13": {"execution_time": 0.29347681999206543, "passed": false}, "14": {"execution_time": 0.41019225120544434, "passed": false}}}, "check_style_score": "0/1"}