{"version": "1", "message": "ERROR: Hidden Testcases server unreachable.", "problem_id": "ads2_m4_a1_1", "user_id": "Siddhartha Dukkipati", "score": {"sample": {"0": {"execution_time": 0.19276762008666992, "passed": true}, "1": {"execution_time": 0.11833071708679199, "passed": false}, "2": {"execution_time": 0.11861634254455566, "passed": false}, "3": {"execution_time": 0.12059783935546875, "passed": false}, "4": {"execution_time": 0.12225532531738281, "passed": false}, "5": {"execution_time": 0.11720490455627441, "passed": false}, "6": {"execution_time": 0.12009549140930176, "passed": false}, "7": {"execution_time": 0.11867117881774902, "passed": false}, "8": {"execution_time": 0.1620957851409912, "passed": true}, "9": {"execution_time": 0.1577463150024414, "passed": true}, "10": {"execution_time": 0.13309335708618164, "passed": true}, "11": {"execution_time": 0.1174006462097168, "passed": false}, "12": {"execution_time": 0.11943435668945312, "passed": false}, "13": {"execution_time": 0.12093639373779297, "passed": false}, "14": {"execution_time": 0.1335291862487793, "passed": true}}}, "check_style_score": "0/1"}