{"version": "1", "message": "ERROR: Hidden Testcases server unreachable.", "problem_id": "ads2_m4_a1_1", "user_id": "Siddhartha Dukkipati", "score": {"sample": {"0": {"execution_time": 0.46641111373901367, "passed": true}, "1": {"execution_time": 0.3623161315917969, "passed": true}, "2": {"execution_time": 0.3962376117706299, "passed": true}, "3": {"execution_time": 0.4132852554321289, "passed": true}, "4": {"execution_time": 0.3537635803222656, "passed": true}, "5": {"execution_time": 0.3544914722442627, "passed": true}, "6": {"execution_time": 0.3510928153991699, "passed": true}, "7": {"execution_time": 0.33971524238586426, "passed": true}, "8": {"execution_time": 0.39563941955566406, "passed": true}, "9": {"execution_time": 0.31650686264038086, "passed": true}, "10": {"execution_time": 0.3246042728424072, "passed": true}, "11": {"execution_time": 0.29502105712890625, "passed": true}, "12": {"execution_time": 0.3953535556793213, "passed": true}, "13": {"execution_time": 1.4812610149383545, "passed": true}, "14": {"execution_time": 0.3395097255706787, "passed": true}}}, "check_style_score": "1/1"}