{"version": "1", "message": "ERROR: Hidden Testcases server unreachable.", "problem_id": "ads2_m4_a1_1", "user_id": "Siddhartha Dukkipati", "score": {"sample": {"0": {"execution_time": 0.16373324394226074, "passed": true}, "1": {"execution_time": 0.15165948867797852, "passed": true}, "2": {"execution_time": 0.17624807357788086, "passed": true}, "3": {"execution_time": 0.18457841873168945, "passed": true}, "4": {"execution_time": 0.14432430267333984, "passed": true}, "5": {"execution_time": 0.15395474433898926, "passed": true}, "6": {"execution_time": 0.14454078674316406, "passed": true}, "7": {"execution_time": 0.14473366737365723, "passed": true}, "8": {"execution_time": 0.15726447105407715, "passed": true}, "9": {"execution_time": 0.13393259048461914, "passed": true}, "10": {"execution_time": 0.1312427520751953, "passed": true}, "11": {"execution_time": 0.1336524486541748, "passed": true}, "12": {"execution_time": 0.13234329223632812, "passed": true}, "13": {"execution_time": 0.593045711517334, "passed": true}, "14": {"execution_time": 0.1305835247039795, "passed": true}}}, "check_style_score": "0/1"}