{"version": "1", "message": "ERROR: Hidden Testcases server unreachable.", "problem_id": "ads2_m4_a1_1", "user_id": "Siddhartha Dukkipati", "score": {"sample": {"0": {"execution_time": 0.44141507148742676, "passed": false}, "1": {"execution_time": 0.32554173469543457, "passed": false}, "2": {"execution_time": 0.30208396911621094, "passed": false}, "3": {"execution_time": 0.3010380268096924, "passed": false}, "4": {"execution_time": 0.3458704948425293, "passed": false}, "5": {"execution_time": 0.27297043800354004, "passed": false}, "6": {"execution_time": 0.30228257179260254, "passed": false}, "7": {"execution_time": 0.35456228256225586, "passed": false}, "8": {"execution_time": 0.4108436107635498, "passed": false}, "9": {"execution_time": 0.43973445892333984, "passed": false}, "10": {"execution_time": 0.4331369400024414, "passed": false}, "11": {"execution_time": 0.348538875579834, "passed": false}, "12": {"execution_time": 0.30545473098754883, "passed": false}, "13": {"execution_time": 0.32885098457336426, "passed": false}, "14": {"execution_time": 0.44203972816467285, "passed": false}}}, "check_style_score": "0/1"}