{"version": "1", "message": "ERROR: Hidden Testcases server unreachable.", "problem_id": "ads2_m4_a1_1", "user_id": "Siddhartha Dukkipati", "score": {"sample": {"0": {"execution_time": 0.4731478691101074, "passed": false}, "1": {"execution_time": 0.350264310836792, "passed": false}, "2": {"execution_time": 0.33200502395629883, "passed": false}, "3": {"execution_time": 0.3448512554168701, "passed": false}, "4": {"execution_time": 0.29787158966064453, "passed": false}, "5": {"execution_time": 0.3348515033721924, "passed": false}, "6": {"execution_time": 0.35434627532958984, "passed": false}, "7": {"execution_time": 0.30654096603393555, "passed": false}, "8": {"execution_time": 0.49751853942871094, "passed": false}, "9": {"execution_time": 0.4148831367492676, "passed": false}, "10": {"execution_time": 0.40384840965270996, "passed": false}, "11": {"execution_time": 0.35816073417663574, "passed": false}, "12": {"execution_time": 0.35704851150512695, "passed": false}, "13": {"execution_time": 0.3320503234863281, "passed": false}, "14": {"execution_time": 0.4139554500579834, "passed": false}}}, "check_style_score": "0/1"}