{"version": "1", "message": "ERROR: Hidden Testcases server unreachable.", "problem_id": "ads2_m4_a1_1", "user_id": "Siddhartha Dukkipati", "score": {"sample": {"0": {"execution_time": 0.384613037109375, "passed": false}, "1": {"execution_time": 0.2980082035064697, "passed": false}, "2": {"execution_time": 0.3273446559906006, "passed": false}, "3": {"execution_time": 0.3415696620941162, "passed": false}, "4": {"execution_time": 0.316434383392334, "passed": false}, "5": {"execution_time": 0.31875038146972656, "passed": false}, "6": {"execution_time": 0.31051063537597656, "passed": false}, "7": {"execution_time": 0.30971431732177734, "passed": false}, "8": {"execution_time": 0.3680133819580078, "passed": false}, "9": {"execution_time": 0.4088442325592041, "passed": false}, "10": {"execution_time": 0.3404049873352051, "passed": false}, "11": {"execution_time": 0.3140444755554199, "passed": false}, "12": {"execution_time": 0.33585381507873535, "passed": false}, "13": {"execution_time": 0.31621718406677246, "passed": false}, "14": {"execution_time": 0.3421151638031006, "passed": false}}}, "check_style_score": "0/1"}