{"version": "1", "message": "ERROR: Hidden Testcases server unreachable.", "problem_id": "ads2_m4_a1_1", "user_id": "Siddhartha Dukkipati", "score": {"sample": {"0": {"execution_time": 0.42541027069091797, "passed": true}, "1": {"execution_time": 0.29479098320007324, "passed": false}, "2": {"execution_time": 0.29502081871032715, "passed": false}, "3": {"execution_time": 0.34226155281066895, "passed": false}, "4": {"execution_time": 0.30355143547058105, "passed": false}, "5": {"execution_time": 0.2964189052581787, "passed": false}, "6": {"execution_time": 0.27072858810424805, "passed": false}, "7": {"execution_time": 0.3490567207336426, "passed": false}, "8": {"execution_time": 0.394500732421875, "passed": false}, "9": {"execution_time": 0.3810698986053467, "passed": false}, "10": {"execution_time": 0.41646695137023926, "passed": false}, "11": {"execution_time": 0.32499003410339355, "passed": false}, "12": {"execution_time": 0.29187989234924316, "passed": false}, "13": {"execution_time": 0.3848533630371094, "passed": false}, "14": {"execution_time": 0.3998267650604248, "passed": false}}}, "check_style_score": "0/1"}