{"version": "1", "message": "ERROR: Hidden Testcases server unreachable.", "problem_id": "ads2_m4_a1_1", "user_id": "Siddhartha Dukkipati", "score": {"sample": {"0": {"execution_time": 0.4787864685058594, "passed": false}, "1": {"execution_time": 0.29993534088134766, "passed": false}, "2": {"execution_time": 0.33918070793151855, "passed": false}, "3": {"execution_time": 0.3360278606414795, "passed": false}, "4": {"execution_time": 0.32943105697631836, "passed": false}, "5": {"execution_time": 0.33621954917907715, "passed": false}, "6": {"execution_time": 0.3592529296875, "passed": false}, "7": {"execution_time": 0.3446178436279297, "passed": false}, "8": {"execution_time": 0.4409511089324951, "passed": false}, "9": {"execution_time": 0.4641988277435303, "passed": false}, "10": {"execution_time": 0.4697291851043701, "passed": false}, "11": {"execution_time": 0.3382835388183594, "passed": false}, "12": {"execution_time": 0.38957667350769043, "passed": false}, "13": {"execution_time": 0.31678080558776855, "passed": false}, "14": {"execution_time": 0.4516470432281494, "passed": false}}}, "check_style_score": "0/1"}