{"version": "1", "message": "ERROR: Hidden Testcases server unreachable.", "problem_id": "ads2_m4_a1_1", "user_id": "Siddhartha Dukkipati", "score": {"sample": {"0": {"execution_time": 0.38784027099609375, "passed": false}, "1": {"execution_time": 0.3005077838897705, "passed": false}, "2": {"execution_time": 0.3137526512145996, "passed": false}, "3": {"execution_time": 0.3460371494293213, "passed": false}, "4": {"execution_time": 0.3217756748199463, "passed": false}, "5": {"execution_time": 0.30924248695373535, "passed": false}, "6": {"execution_time": 0.3440523147583008, "passed": false}, "7": {"execution_time": 0.27490234375, "passed": false}, "8": {"execution_time": 0.36992835998535156, "passed": false}, "9": {"execution_time": 0.3758518695831299, "passed": false}, "10": {"execution_time": 0.3442568778991699, "passed": false}, "11": {"execution_time": 0.3847024440765381, "passed": false}, "12": {"execution_time": 0.2997713088989258, "passed": false}, "13": {"execution_time": 0.3207058906555176, "passed": false}, "14": {"execution_time": 0.37496399879455566, "passed": false}}}, "check_style_score": "0/1"}