{"version": "1", "message": "ERROR: Hidden Testcases server unreachable.", "problem_id": "ads2_m2_a1_1", "user_id": "Siddhartha Dukkipati", "score": {"sample": {"0": {"execution_time": 0.14316129684448242, "passed": true}, "1": {"execution_time": 0.12120962142944336, "passed": true}, "2": {"execution_time": 0.11908984184265137, "passed": true}, "3": {"execution_time": 0.12236905097961426, "passed": true}, "4": {"execution_time": 0.12469291687011719, "passed": true}, "5": {"execution_time": 0.12480473518371582, "passed": true}, "6": {"execution_time": 0.1227114200592041, "passed": true}, "7": {"execution_time": 0.12412452697753906, "passed": true}, "8": {"execution_time": 0.1232137680053711, "passed": true}, "9": {"execution_time": 0.12172508239746094, "passed": true}, "10": {"execution_time": 0.12324810028076172, "passed": true}, "11": {"execution_time": 0.12335896492004395, "passed": true}, "12": {"execution_time": 0.1329948902130127, "passed": true}, "13": {"execution_time": 0.1250166893005371, "passed": true}, "14": {"execution_time": 0.12386465072631836, "passed": true}, "15": {"execution_time": 0.1356966495513916, "passed": true}, "16": {"execution_time": 0.12955331802368164, "passed": true}, "17": {"execution_time": 0.16776156425476074, "passed": true}, "18": {"execution_time": 0.14562201499938965, "passed": true}, "19": {"execution_time": 0.15439224243164062, "passed": true}, "20": {"execution_time": 0.15143227577209473, "passed": true}, "21": {"execution_time": 0.12454652786254883, "passed": true}, "22": {"execution_time": 0.16947221755981445, "passed": true}, "23": {"execution_time": 0.16877055168151855, "passed": true}}}, "check_style_score": "0/1"}