{"version": "1", "message": "ERROR: Hidden Testcases server unreachable.", "problem_id": "ads2_m16_a1_1", "user_id": "Siddhartha Dukkipati", "score": {"sample": {"0": {"execution_time": 0.5582377910614014, "passed": true}, "1": {"execution_time": 0.4595487117767334, "passed": true}, "2": {"execution_time": 0.9009170532226562, "passed": true}, "3": {"execution_time": 0.9126465320587158, "passed": true}, "4": {"execution_time": 0.8991115093231201, "passed": true}, "5": {"execution_time": 0.8574204444885254, "passed": true}, "6": {"execution_time": 0.8930072784423828, "passed": true}, "7": {"execution_time": 0.850996732711792, "passed": true}, "8": {"execution_time": 0.5475294589996338, "passed": true}, "9": {"execution_time": 0.9571962356567383, "passed": true}, "10": {"execution_time": 0.9089078903198242, "passed": true}, "11": {"execution_time": 4.918934345245361, "passed": true}, "12": {"execution_time": 0.9004502296447754, "passed": true}, "13": {"execution_time": 0.4238436222076416, "passed": true}, "14": {"execution_time": 0.8757178783416748, "passed": true}, "15": {"execution_time": 0.8921992778778076, "passed": true}, "16": {"execution_time": 0.49747681617736816, "passed": true}, "17": {"execution_time": 0.49379682540893555, "passed": true}, "18": {"execution_time": 0.5002081394195557, "passed": true}, "19": {"execution_time": 0.5357515811920166, "passed": true}, "20": {"execution_time": 0.548792839050293, "passed": true}, "21": {"execution_time": 0.5225927829742432, "passed": true}, "22": {"execution_time": 0.5278797149658203, "passed": true}, "23": {"execution_time": 0.5049619674682617, "passed": true}, "24": {"execution_time": 0.43013548851013184, "passed": true}, "25": {"execution_time": 0.9155592918395996, "passed": true}, "26": {"execution_time": 0.7970483303070068, "passed": true}, "27": {"execution_time": 0.9631881713867188, "passed": true}, "28": {"execution_time": 1.3261268138885498, "passed": true}, "29": {"execution_time": 1.2747390270233154, "passed": true}}}, "check_style_score": "1/1"}