{"version": "1", "message": "ERROR: Hidden Testcases server unreachable.", "problem_id": "ads2_m6_a1_1", "user_id": "Siddhartha Dukkipati", "score": {"sample": {"0": {"execution_time": 0.4062001705169678, "passed": false}, "1": {"execution_time": 0.3860790729522705, "passed": false}, "2": {"execution_time": 0.4144599437713623, "passed": false}, "3": {"execution_time": 0.4273364543914795, "passed": false}, "4": {"execution_time": 0.43447303771972656, "passed": false}, "5": {"execution_time": 0.44785380363464355, "passed": false}, "6": {"execution_time": 0.4463193416595459, "passed": true}, "7": {"execution_time": 0.4284391403198242, "passed": false}, "8": {"execution_time": 0.4452486038208008, "passed": true}, "9": {"execution_time": 0.4277610778808594, "passed": false}, "10": {"execution_time": 0.4484837055206299, "passed": true}, "11": {"execution_time": 0.4481983184814453, "passed": false}}}, "check_style_score": "0/1"}