{"version": "1", "message": "ERROR: Hidden Testcases server unreachable.", "problem_id": "ads2_m6_a1_1", "user_id": "Siddhartha Dukkipati", "score": {"sample": {"0": {"execution_time": 0.1611497402191162, "passed": false}, "1": {"execution_time": 0.15542364120483398, "passed": false}, "2": {"execution_time": 0.14332938194274902, "passed": false}, "3": {"execution_time": 0.1474463939666748, "passed": false}, "4": {"execution_time": 0.14753293991088867, "passed": false}, "5": {"execution_time": 0.16548895835876465, "passed": false}, "6": {"execution_time": 0.14816069602966309, "passed": false}, "7": {"execution_time": 0.14943218231201172, "passed": false}, "8": {"execution_time": 0.1486036777496338, "passed": false}, "9": {"execution_time": 0.14664840698242188, "passed": false}, "10": {"execution_time": 0.14634132385253906, "passed": false}, "11": {"execution_time": 0.15139222145080566, "passed": false}}}, "check_style_score": "0/1"}