{"version": "1", "message": "ERROR: Hidden Testcases server unreachable.", "problem_id": "ads2_m6_a1_1", "user_id": "Siddhartha Dukkipati", "score": {"sample": {"0": {"execution_time": 0.14761996269226074, "passed": false}, "1": {"execution_time": 0.14450979232788086, "passed": false}, "2": {"execution_time": 0.14443159103393555, "passed": false}, "3": {"execution_time": 0.14489459991455078, "passed": false}, "4": {"execution_time": 0.14557266235351562, "passed": false}, "5": {"execution_time": 0.1433727741241455, "passed": false}, "6": {"execution_time": 0.14658784866333008, "passed": false}, "7": {"execution_time": 0.14483070373535156, "passed": false}, "8": {"execution_time": 0.1446390151977539, "passed": false}, "9": {"execution_time": 0.14682841300964355, "passed": false}, "10": {"execution_time": 0.14515233039855957, "passed": false}, "11": {"execution_time": 0.14712762832641602, "passed": false}}}, "check_style_score": "0/1"}