{"version": "1", "message": "ERROR: Hidden Testcases server unreachable.", "problem_id": "ads2_m6_a1_1", "user_id": "Siddhartha Dukkipati", "score": {"sample": {"0": {"execution_time": 0.4542262554168701, "passed": false}, "1": {"execution_time": 0.3582577705383301, "passed": false}, "2": {"execution_time": 0.3462817668914795, "passed": false}, "3": {"execution_time": 0.3860893249511719, "passed": false}, "4": {"execution_time": 0.3641324043273926, "passed": false}, "5": {"execution_time": 0.37373900413513184, "passed": false}, "6": {"execution_time": 0.3508901596069336, "passed": false}, "7": {"execution_time": 0.3460729122161865, "passed": false}, "8": {"execution_time": 0.35454583168029785, "passed": false}, "9": {"execution_time": 0.360670804977417, "passed": false}, "10": {"execution_time": 0.38010287284851074, "passed": false}, "11": {"execution_time": 0.3935863971710205, "passed": false}}}, "check_style_score": "0/1"}