{"version": "1", "message": "ERROR: Hidden Testcases server unreachable.", "problem_id": "ads2_m6_a1_1", "user_id": "Siddhartha Dukkipati", "score": {"sample": {"0": {"execution_time": 0.3701753616333008, "passed": false}, "1": {"execution_time": 0.37906336784362793, "passed": false}, "2": {"execution_time": 0.30112552642822266, "passed": false}, "3": {"execution_time": 0.34276509284973145, "passed": false}, "4": {"execution_time": 0.39193296432495117, "passed": false}, "5": {"execution_time": 0.3803443908691406, "passed": false}, "6": {"execution_time": 0.38367581367492676, "passed": false}, "7": {"execution_time": 0.3592872619628906, "passed": false}, "8": {"execution_time": 0.39040231704711914, "passed": false}, "9": {"execution_time": 0.40343141555786133, "passed": false}, "10": {"execution_time": 0.38099193572998047, "passed": false}, "11": {"execution_time": 0.39442968368530273, "passed": false}}}, "check_style_score": "0/1"}