{"version": "1", "message": "ERROR: Hidden Testcases server unreachable.", "problem_id": "ads2_m6_a1_1", "user_id": "Siddhartha Dukkipati", "score": {"sample": {"0": {"execution_time": 0.21036982536315918, "passed": false}, "1": {"execution_time": 0.14738798141479492, "passed": false}, "2": {"execution_time": 0.14804601669311523, "passed": false}, "3": {"execution_time": 0.14839458465576172, "passed": false}, "4": {"execution_time": 0.1484212875366211, "passed": false}, "5": {"execution_time": 0.15000438690185547, "passed": false}, "6": {"execution_time": 0.15842032432556152, "passed": false}, "7": {"execution_time": 0.15035510063171387, "passed": false}, "8": {"execution_time": 0.15046954154968262, "passed": false}, "9": {"execution_time": 0.1445002555847168, "passed": false}, "10": {"execution_time": 0.15343999862670898, "passed": false}, "11": {"execution_time": 0.14742588996887207, "passed": false}}}, "check_style_score": "0/1"}