{"version": "1", "message": "ERROR: Hidden Testcases server unreachable.", "problem_id": "ads2_m6_a1_1", "user_id": "Siddhartha Dukkipati", "score": {"sample": {"0": {"execution_time": 0.3853771686553955, "passed": false}, "1": {"execution_time": 0.3854348659515381, "passed": false}, "2": {"execution_time": 0.3944394588470459, "passed": false}, "3": {"execution_time": 0.38942861557006836, "passed": false}, "4": {"execution_time": 0.39365553855895996, "passed": false}, "5": {"execution_time": 0.37677431106567383, "passed": false}, "6": {"execution_time": 0.3992893695831299, "passed": false}, "7": {"execution_time": 0.4040257930755615, "passed": false}, "8": {"execution_time": 0.39530229568481445, "passed": false}, "9": {"execution_time": 0.38486766815185547, "passed": false}, "10": {"execution_time": 0.3809170722961426, "passed": false}, "11": {"execution_time": 0.3782050609588623, "passed": false}}}, "check_style_score": "0/1"}